"Date time","Plan","Host","Requests","Traffic","Charged Traffic","Target Filters","Traffic in Bytes","Extra traffic in Bytes","Status","Message"
"2026-09-16 20:31 UTC","Mobile Proxy / Plan 2","www.google.com:443","0","0 bytes","0 bytes","no","0","0","success",""
"2026-09-16 20:31 UTC","Mobile Proxy / Plan 2","www.googletagmanager.com:443","0","0 bytes","0 bytes","no","0","0","success",""
"2026-09-16 20:31 UTC","Mobile Proxy / Plan 2","android.clients.google.com:443","0","0 bytes","0 bytes","no","0","0","success",""
"2026-09-16 20:31 UTC","Mobile Proxy / Plan 2","content-autofill.googleapis.com:443","0","0 bytes","0 bytes","no","0","0","success",""
"2026-09-16 20:31 UTC","Mobile Proxy / Plan 2","ats.psicoalianza.com:443","0","0 bytes","0 bytes","no","0","0","success",""
"2026-09-16 20:31 UTC","Mobile Proxy / Plan 2","c.clarity.ms:443","0","0 bytes","0 bytes","no","0","0","success",""
"2026-09-16 20:31 UTC","Mobile Proxy / Plan 2","mtalk.google.com:5228","0","0 bytes","0 bytes","no","0","0","success",""
"2026-09-16 20:31 UTC","Mobile Proxy / Plan 2","www.google-analytics.com:443","0","0 bytes","0 bytes","no","0","0","success",""
"2026-09-16 20:31 UTC","Mobile Proxy / Plan 2","www.gstatic.com:443","0","0 bytes","0 bytes","no","0","0","success",""
"2026-09-16 20:31 UTC","Mobile Proxy / Plan 2","accounts.google.com:443","0","0 bytes","0 bytes","no","0","0","success",""
"2026-09-16 20:31 UTC","Mobile Proxy / Plan 2","c.bing.com:443","1","224 bytes","448 bytes","yes","224","224","success",""
"2026-09-16 20:31 UTC","Mobile Proxy / Plan 2","scripts.clarity.ms:443","0","0 bytes","0 bytes","no","0","0","success",""
"2026-09-16 20:31 UTC","Mobile Proxy / Plan 2","y.clarity.ms:443","0","330 bytes","660 bytes","yes","330","330","success",""
"2026-09-16 20:30 UTC","Mobile Proxy / Plan 2","www.clarity.ms:443","1","11.28 KB","22.56 KB","yes","11553","11553","success",""
"2026-09-16 20:30 UTC","Mobile Proxy / Plan 2","c.clarity.ms:443","1","14.63 KB","29.26 KB","yes","14982","14982","success",""
"2026-09-16 20:30 UTC","Mobile Proxy / Plan 2","android.clients.google.com:443","1","12.41 KB","24.82 KB","yes","12706","12706","success",""
"2026-09-16 20:30 UTC","Mobile Proxy / Plan 2","www.google-analytics.com:443","2","12.76 KB","25.52 KB","yes","13068","13068","success",""
"2026-09-16 20:30 UTC","Mobile Proxy / Plan 2","www.gstatic.com:443","3","769.43 KB","1.5 MB","yes","787896","787896","success",""
"2026-09-16 20:30 UTC","Mobile Proxy / Plan 2","y.clarity.ms:443","1","44.02 KB","88.03 KB","yes","45073","45073","success",""
"2026-09-16 20:30 UTC","Mobile Proxy / Plan 2","scripts.clarity.ms:443","2","34.35 KB","68.71 KB","yes","35179","35179","success",""
"2026-09-16 20:30 UTC","Mobile Proxy / Plan 2","mtalk.google.com:5228","2","7.82 KB","15.64 KB","yes","8006","8006","success",""
"2026-09-16 20:30 UTC","Mobile Proxy / Plan 2","www.googletagmanager.com:443","1","184.34 KB","368.68 KB","yes","188765","188765","success",""
"2026-09-16 20:30 UTC","Mobile Proxy / Plan 2","content-autofill.googleapis.com:443","1","11.37 KB","22.74 KB","yes","11643","11643","success",""
"2026-09-16 20:30 UTC","Mobile Proxy / Plan 2","accounts.google.com:443","1","9.06 KB","18.13 KB","yes","9281","9281","success",""
"2026-09-16 20:30 UTC","Mobile Proxy / Plan 2","www.google.com:443","5","104.05 KB","208.1 KB","yes","106549","106549","success",""
"2026-09-16 20:30 UTC","Mobile Proxy / Plan 2","ats.psicoalianza.com:443","2","170.69 KB","341.38 KB","yes","174788","174788","success",""
"2026-09-16 16:49 UTC","Mobile Proxy / Plan 2","www.google-analytics.com:443","1","12.25 KB","24.51 KB","yes","12547","12547","success",""
"2026-09-16 16:49 UTC","Mobile Proxy / Plan 2","www.googletagmanager.com:443","1","183.92 KB","367.84 KB","yes","188335","188335","success",""
"2026-09-16 16:49 UTC","Mobile Proxy / Plan 2","accounts.google.com:443","1","9.15 KB","18.31 KB","yes","9373","9373","success",""
"2026-09-16 16:49 UTC","Mobile Proxy / Plan 2","www.clarity.ms:443","1","2.12 KB","4.23 KB","yes","2166","2166","success",""
"2026-09-16 16:49 UTC","Mobile Proxy / Plan 2","ats.psicoalianza.com:443","2","163.97 KB","327.94 KB","yes","167903","167903","success",""
"2026-09-16 16:49 UTC","Mobile Proxy / Plan 2","www.google.com:443","5","103.95 KB","207.9 KB","yes","106447","106447","success",""
"2026-09-16 16:49 UTC","Mobile Proxy / Plan 2","content-autofill.googleapis.com:443","2","13.47 KB","26.93 KB","yes","13789","13789","success",""
"2026-09-16 16:26 UTC","Mobile Proxy / Plan 2","www.googletagmanager.com:443","0","0 bytes","0 bytes","no","0","0","success",""
"2026-09-16 16:26 UTC","Mobile Proxy / Plan 2","accounts.google.com:443","1","9.15 KB","18.31 KB","yes","9373","9373","success",""
"2026-09-16 16:26 UTC","Mobile Proxy / Plan 2","content-autofill.googleapis.com:443","0","0 bytes","0 bytes","no","0","0","success",""
"2026-09-16 16:26 UTC","Mobile Proxy / Plan 2","www.google-analytics.com:443","0","0 bytes","0 bytes","no","0","0","success",""
"2026-09-16 16:26 UTC","Mobile Proxy / Plan 2","fonts.gstatic.com:443","0","0 bytes","0 bytes","no","0","0","success",""
"2026-09-16 16:26 UTC","Mobile Proxy / Plan 2","cdn.jsdelivr.net:443","0","0 bytes","0 bytes","no","0","0","success",""
"2026-09-16 16:26 UTC","Mobile Proxy / Plan 2","www.google.com:443","1","9.87 KB","19.73 KB","yes","10104","10104","success",""
"2026-09-16 16:26 UTC","Mobile Proxy / Plan 2","www.clarity.ms:443","0","0 bytes","0 bytes","no","0","0","success",""
"2026-09-16 16:26 UTC","Mobile Proxy / Plan 2","www.gstatic.com:443","0","0 bytes","0 bytes","no","0","0","success",""
"2026-09-16 16:26 UTC","Mobile Proxy / Plan 2","ats.psicoalianza.com:443","0","0 bytes","0 bytes","no","0","0","success",""
"2026-09-16 16:26 UTC","Mobile Proxy / Plan 2","cdn.ckeditor.com:443","0","0 bytes","0 bytes","no","0","0","success",""
"2026-09-16 16:26 UTC","Mobile Proxy / Plan 2","cdnjs.cloudflare.com:443","0","0 bytes","0 bytes","no","0","0","success",""
"2026-09-16 16:25 UTC","Mobile Proxy / Plan 2","ats.psicoalianza.com:443","6","1.42 MB","2.85 MB","yes","1492032","1492032","success",""
"2026-09-16 16:25 UTC","Mobile Proxy / Plan 2","www.gstatic.com:443","3","772.34 KB","1.51 MB","yes","790877","790877","success",""
"2026-09-16 16:25 UTC","Mobile Proxy / Plan 2","www.google-analytics.com:443","1","12.82 KB","25.64 KB","yes","13128","13128","success",""
"2026-09-16 16:25 UTC","Mobile Proxy / Plan 2","fonts.gstatic.com:443","1","49.45 KB","98.9 KB","yes","50635","50635","success",""
"2026-09-16 16:25 UTC","Mobile Proxy / Plan 2","accounts.google.com:443","1","2.12 KB","4.24 KB","yes","2171","2171","success",""
"2026-09-16 16:25 UTC","Mobile Proxy / Plan 2","cdn.ckeditor.com:443","1","249.78 KB","499.56 KB","yes","255777","255777","success",""
"2026-09-16 16:25 UTC","Mobile Proxy / Plan 2","content-autofill.googleapis.com:443","1","11.5 KB","23 KB","yes","11776","11776","success",""
"2026-09-16 16:25 UTC","Mobile Proxy / Plan 2","www.googletagmanager.com:443","1","182.68 KB","365.36 KB","yes","187064","187064","success",""
"2026-09-16 16:25 UTC","Mobile Proxy / Plan 2","www.google.com:443","5","100.88 KB","201.76 KB","yes","103299","103299","success",""
"2026-09-16 16:25 UTC","Mobile Proxy / Plan 2","cdn.jsdelivr.net:443","1","67.63 KB","135.25 KB","yes","69248","69248","success",""
"2026-09-16 16:25 UTC","Mobile Proxy / Plan 2","www.clarity.ms:443","1","2.12 KB","4.23 KB","yes","2166","2166","success",""
"2026-09-16 16:25 UTC","Mobile Proxy / Plan 2","cdnjs.cloudflare.com:443","2","97.53 KB","195.06 KB","yes","99871","99871","success",""
"2026-09-16 05:14 UTC","Mobile Proxy / Plan 2","api.ipify.org:443","6","38.8 KB","77.6 KB","yes","39732","39732","success",""
"2026-09-16 05:13 UTC","Mobile Proxy / Plan 2","api.ipify.org:443","17","96.91 KB","161.5 KB","yes","99234","66140","success",""
"2026-09-16 05:11 UTC","Mobile Proxy / Plan 2","api.ipify.org:443","5","27.61 KB","27.61 KB","no","28268","0","success",""
"2026-09-16 05:10 UTC","Mobile Proxy / Plan 2","ip-api.com:80","0","2.54 KB","2.54 KB","no","2600","0","success",""
"2026-09-16 05:09 UTC","Mobile Proxy / Plan 2","ip-api.com:80","1","10.85 KB","10.85 KB","no","11106","0","success",""
"2026-09-16 05:08 UTC","Mobile Proxy / Plan 2","ip-api.com:80","1","6.32 KB","6.32 KB","no","6470","0","success",""
